Treatments,Costs,Incremental_Cost,Effects (QALYs),Incremental_Effects (QALYs),ICER
"A, SOC",100,0,1000,0,0
B,125,25,1200,200,0.125
C,140,40,850,-150,-0.266666667
D,80,-20,700,-300,0.066666667
E,85,-15,1250,250,-0.06
F,160,60,2500,1500,0.04
G,190,90,5000,4000,0.0225
H,110,10,1150,150,0.066666667
I,130,30,900,-100,-0.3
J,75,-25,3000,2000,-0.0125
K,180,80,2500,1500,0.053333333